講義名,時間割コード,開講時期,担当教員,開講学部,曜日時限,評価方法
経営学リテラシー[Management Studies Literacy],3001101,春学期,高井 文子[TAKAI AYAKO],経営学部,水曜5限,・グループ発表と課題レポート：70%・グループワークへの貢献度：30%
経営学リテラシー[Management Studies Literacy],3001102,春学期,横田 一貴[YOKOTA KAZUKI],経営学部,水曜5限,・グループ発表と課題レポート：70%・グループワークへの貢献度：30%
経営学リテラシー[Management Studies Literacy],3001103,春学期,高橋 賢[TAKAHASHI MASARU],経営学部,水曜5限,・グループ発表と課題レポート：70%・グループワークへの貢献度：30%
経営学リテラシー[Management Studies Literacy],3001104,春学期,大森 明[OMORI AKIRA],経営学部,水曜5限,・グループ発表と課題レポート：70%・グループワークへの貢献度：30%
経営学リテラシー[Management Studies Literacy],3001105,春学期,鈴木 定省[SUZUKI SADAMI],経営学部,水曜5限,・グループ発表と課題レポート：70%・グループワークへの貢献度：30%
経営学リテラシー[Management Studies Literacy],3001106,春学期,竹内 竜介[TAKEUCHI RYOSUKE],経営学部,水曜5限,・グループ発表と課題レポート：70%・グループワークへの貢献度：30%
経営学リテラシー[Management Studies Literacy],3001107,春学期,軸屋 泰隆[JIKUYA YASUTAKA],経営学部,水曜5限,・グループ発表と課題レポート：70%・グループワークへの貢献度：30%
経営学リテラシー[Management Studies Literacy],3001108,通年,竹内 竜介[TAKEUCHI RYOSUKE],経営学部,水曜5限,・グループ発表と課題レポート：35%・グループワークへの貢献度：15%・秋学期のレポート作成と進捗報告：50％
経営学概論[Introduction to  Management],3001109,春学期,二神 枝保[FUTAGAMI SHIHO],経営学部,水曜3限,毎回の課題（授業中に指示）と最終試験による総合評価。
経営戦略論[Strategic Management],3001110,春学期,高井 文子[TAKAI AYAKO],経営学部,水曜2限,・定期試験（60%）、および授業への参加態度（中間試験・毎回のエクササイズや確認テスト等（40%））により評価する。
経営組織論[Organizational Theory],3001111,春学期,佐々木 秀綱[SASAKI HIDETSUNA],経営学部,金曜2限,理解度確認テスト（50％程度）および期末試験の得点（50％程度）を総合して成績評価を行う．詳細は授業開講時にアナウンスする．
キャリア・マネジメント[Career Management],3001112,秋学期,二神 枝保[FUTAGAMI SHIHO],経営学部,水曜3限,毎回の課題(授業中に指示）と最終試験の合計による総合評価（予定）。
会計学概論[Introductory Accounting],3001113,春学期,大森 明[OMORI AKIRA],経営学部,木曜2限,期末試験の成績（80％）、課題の提出状況および授業への貢献度（20％）
簿記論Ⅰ[Bookkeeping Ⅰ],3001114,春学期,"泉 宏之, 原 俊雄[IZUMI HIROYUKI, HARA TOSHIO]",経営学部,金曜2限,定期試験（80％）、簿記ＣＡＩの記帳練習を全て終了した場合（20％）
簿記論Ⅱ[Bookkeeping Ⅱ],3001115,秋学期,"原 俊雄, 泉 宏之[HARA TOSHIO, IZUMI HIROYUKI]",経営学部,金曜3限,定期試験(80％)，簿記ＣＡＩ(20％)簿記ＣＡＩについては講義の進捗度に応じて解答期限を示すので、その期限までに解答すること。期限を超過した場合、20％減点する。出席クイズで複数回0点だった場合、定期試験からの減点を予定している。
原価会計論[Cost Accounting],3001116,秋学期,高橋 賢[TAKAHASHI MASARU],経営学部,木曜2限,原価計算CAI（8題完答で20点，完答していない場合は0点），期末試験（80％）。
経営科学概論[Introduction to Management Science],3001117,春学期,鈴木 定省[SUZUKI SADAMI],経営学部,木曜4限,30％：講義内で提示する演習課題70％：期末試験もしくは最終レポート
コーポレート・ファイナンス[Corporate Finance],3001118,秋学期,北村 智紀[KITAMURA TOMOKI],経営学部,月曜5限,・毎回の小テストの回答を評価します（最大で20％までとします、正答率で調整します）。・課題（４回）の提出内容を評価します（40％）・最終課題の提出内容（論理性、独創性、表現力など）を総合評価します（30％）・授業への積極的貢献（プレゼンテーション、発表など）を総合評価します（10％）・欠席は減点します・5回以上欠席した場合は、単位の修得資格を失います
言語コミュニケーション論[Language Use in Communication],3001119,秋学期,吉川 りさ[YOSHIKAWA LISA],経営学部,水曜2限,各種発表50%、授業内・外課題に対する取り組みの評価50%で総合的に評価します。
ビジネス・エコノミクス[Economics for Business],3001120,春学期,井上 徹[INOUE TORU],経営学部,水曜4限,・各回におけるミニテスト：50%・定期試験：50%・各回における他の参加者の理解度を高める質問・発言、授業コンテンツの改善につながる質問や発言があれば、別途評価する（質問や感想・コメントが自動的に評価されることは意味しない）。
経営情報論[Management Information Systems],3001121,春学期,倉田 久[KURATA HISASHI],経営学部,金曜4限,定期試験計60%，期末レポートなど提出課題計30％，授業参加と積極性10％を合わせて評価する.
マーケティング論[Marketing],3001122,秋学期,鶴見 裕之[TSURUMI HIROYUKI],経営学部,金曜4限,・テスト（60）ではマーケティングに関する基礎知識の理解レベルを評価する・レポート（20）ではマーケティング戦略の構築プロセスに対する理解レベルを評価する・授業外課題（20）では予習・復習の状況を評価する
マーケティング論[Marketing],3001122,秋学期,鶴見 裕之[TSURUMI HIROYUKI],経営学部,金曜4限,Test (60) assesses the level of understanding of marketing fundamentals.The report (20) assesses the level of understanding of the marketing strategy development process.Assessment of the level of preparation and review in out-of-class assignments (20).
簿記論Ⅰ[Bookkeeping Ⅰ],3001123,春学期,泉 宏之[IZUMI HIROYUKI],経営学部,金曜3限,定期試験（80％）、簿記ＣＡＩの記帳練習を全て終了した場合（20％）
アントレプレナーシップ論[Entrepreneurship],3001124,秋学期,軸屋 泰隆[JIKUYA YASUTAKA],経営学部,火曜5限,レポート（１回を予定）30％　毎回行うアンケート70％（ただし、LMS上で出席登録をした者を評価対象とする）
経営者から学ぶリーダーシップと経営理論[Leadership and Management:Venture Entrepreneurs'View],3001125,春学期,"軸屋 泰隆, 井上 徹[JIKUYA YASUTAKA, INOUE TORU]",経営学部,火曜5限,レポート（１回を予定）30％　毎回行う出席アンケート70％（但し、LMS上で出席登録した者を評価対象とする）
データサイエンス・ゼミナールⅠ[Data Science Seminar I],3001170,通年,"本橋 永至, 多田 伶[MOTOHASHI EIJI, TADA REI]",経営学部,水曜5限,ゼミナールへの貢献度（50%）データ解析に関する理解度（50%）
データサイエンス・ゼミナールⅡ[Data Science Seminar II],3001171,春学期,"本橋 永至, 多田 伶[MOTOHASHI EIJI, TADA REI]",経営学部,水曜5限,ゼミナールへの貢献度（50%）データ解析に関する理解度（50%）
組織間関係論[Inter-organizational Relations],3001201,秋学期,横田 一貴[YOKOTA KAZUKI],経営学部,金曜3限,・出席を確認するが、文科省の定めに則り出席自体を評価するのではなく、出席率が一定の割合を下回った場合は期末レポートの提出を受け付けないという措置をとる。・複数の分析課題(合計60%)、期末レポート(40%)により評価する。・発表や発言など授業への貢献は追加点要素とする。
経営管理論[Business Management],3001204,春学期,山岡 徹[YAMAOKA TORU],経営学部,木曜2限,評価における観点： 授業の内容を正しく理解できているかどうか。理解度確認のための中間テスト（不定期で複数回実施する）70％、期末試験30％で成績評価を行う。
経営史[Business History],3001205,春学期,公文 蔵人[KUMON KURATO],経営学部,火曜3限,7月8日に授業支援システムでレポート課題を発表する(100％)。7月21日13時までに授業支援システムで提出すること。レポートの書式などの詳細は後日提示する。理由の如何を問わず締め切りまでに提出しなかったものは不合格とする。
雇用社会論[Employment and Society],3001206,春学期,小川 慎一[OGAWA SHINICHI],経営学部,木曜3限,※実際の成績評価方法については、YNU授業支援システムにアップロードした資料や掲示板等で説明します。１．課題（20点）＋定期試験（80点）。２．ただし課題の受理は、当該回の授業への出席を前提としたうえで、得点率あるいは字数が考慮されます。
産業社会論[Industry and Society],3001207,秋学期,小川 慎一[OGAWA SHINICHI],経営学部,木曜3限,※実際の授業計画については、YNU授業支援システムにアップロードした資料や掲示板等で説明します。１．課題（20点）＋定期試験（80点）。２．ただし課題の受理は、当該回の授業への出席を前提としたうえで、得点率あるいは字数が考慮されます。
企業環境マネジメント論[Environmental Management for Companies],3001208,春学期,孫 穎[SUN YING],経営学部,火曜3限,期末試験（40％）中間レポート（30％、1回）講義への参加態度（30％、発言と議論の参加など）から総合的に評価する。
経営行動科学[Organizational Behavior],3001209,秋学期,佐々木 秀綱[SASAKI HIDETSUNA],経営学部,金曜2限,平常点（50％程度）および期末試験の得点（50％程度）を総合して成績評価を行う。詳細は授業開講時にアナウンスする。
地域環境マネジメント論[Environmental Management for Regions],3001210,秋学期,孫 穎[SUN YING],経営学部,火曜2限,期末レポート（40％）中間レポート（1回、30％）講義への参加態度（30％、発言など）から総合的に評価する。
財務会計論Ⅰ[Financial Accounting Ⅰ],3001301,春学期,大雄 智[OTAKA SATORU],経営学部,火曜3限,期末試験の成績（60％），小テストの成績（25％），課題の提出状況（15％）。
財務会計論Ⅱ[Financial Accounting Ⅱ],3001302,秋学期,大雄 智[OTAKA SATORU],経営学部,火曜3限,期末試験の成績（60％），小テストの成績（25％），課題の提出状況（15％）。
管理会計論Ⅰ[Management Accounting Ⅰ],3001303,春学期,中村 博之[NAKAMURA HIROYUKI],経営学部,火曜4限,練習問題（10%），期末試験（90%）の総合点によって評価する。
管理会計論Ⅱ[Management Accounting Ⅱ],3001304,秋学期,中村 博之[NAKAMURA HIROYUKI],経営学部,火曜4限,管理会計CAI（10％），期末試験（90%）の総合点によって評価する。
監査論[Auditing],3001305,春学期,前山 政之[MAEYAMA NOBUYUKI],経営学部,木曜3限,以下は授業の進め方によっては変更される場合もある。・講義中の課題・宿題・小テスト(30)・内部統制ディスカッションまたはレポート(20)・期末試験(50)
監査制度論[Advanced Auditing],3001306,秋学期,前山 政之[MAEYAMA NOBUYUKI],経営学部,木曜3限,以下の分類および配分は変更する場合もあり得る。・期末試験(50)・講義中課題・宿題・小テストなど(30)・レポート(20)
政府・非営利会計論[Governmental and Nonprofit Accounting],3001307,秋学期,齋藤 真哉[SAITO SHINYA],経営学部,木曜4限,授業期間中に実施する小テスト（約30%）期末試験（約70%)により評価
税務会計論[Tax Accounting],3001308,春学期,藤井 誠,経営学部,火曜2限,成績は，講義中に実施する小テスト（80%）および期末レポート（20%）により評価する。
生態会計論[Ecological Accounting],3001309,秋学期,曹 勁[CAO JIN],経営学部,水曜2限,期末試験（40％）、確認クイズ（30％）、ワークショップ（20％）、ミニレポート（10％）により評価します。ただし、ゲストスピーカー、確認クイズ、レポート、ワークショップなどの回数によって配分は変わります。
マクロ会計論[Macro Accounting],3001310,秋学期,大森 明[OMORI AKIRA],経営学部,水曜4限,確認クイズおよびミニレポート（70％）、クラスでのディスカッション（30％）により評価する。なお、評価割合を変更するときは事前に受講生に連絡する。
財務分析論[Financial Statement Analysis],3001311,秋学期,木村 晃久[KIMURA AKIHISA],経営学部,金曜4限,定期試験（100％）で評価します。なお、講義のなかで確認テスト（20点満点）を数回実施します。定期試験の点数が80点に満たなかった場合、確認テストのうち最も高い点数を、最終評価が80点になるまでを限度として加点します。
戦略会計論[Strategic Accounting],3001312,春学期,君島 美葵子[KIMIJIMA MIKIKO],経営学部,金曜4限,毎回の復習課題（30％）、期末試験（70％）の総合点に基づき行う。
意思決定論[Decision Making],3001401,春学期,郭 沛俊[GUO PEIJUN],経営学部,水曜2限,期末試験：60%、授業中小テストと宿題：40%
オペレーションズ・リサーチ[Operations Research],3001402,春学期,郭 沛俊[GUO PEIJUN],経営学部,火曜2限,期末試験　(60%)　授業中小テストと宿題（40%）
消費者行動論[Consumer Behavior],3001403,春学期,多田 伶[TADA REI],経営学部,水曜3限,以下の項目に基づき、総合的に評価する。・小テスト（30%）・期末試験（70%）
マーケティング・サイエンス[Marketing Science],3001404,春学期,本橋 永至[MOTOHASHI EIJI],経営学部,火曜3限,・レポート（60%）・授業内課題（40%）
流通論[Distribution],3001405,秋学期,多田 伶[TADA REI],経営学部,水曜3限,小テストとレポート試験で総合的に評価する。・小テスト（30%）・期末レポート（70%）
経営数学[Business Mathematics],3001406,春学期,岡部 考宏[OKABE TAKAHIRO],経営学部,火曜2限,課題点(30%)と中間レポート（30%）および、期末レポートまたは定期試験(40%)として評価する。
ファイナンシャル・リスク・マネジメント[Financial Risk Management],3001407,秋学期,伊藤 有希[ITO YUKI],経営学部,火曜4限,・定期試験（90%）・ゲスト講師回に関する課題（10％）
ビジネスゲーム[Business Game],3001408,秋学期,倉田 久[KURATA HISASHI],経営学部,木曜1限,"1.最終評価は，計4回のYBGへの参加（計画案，ゲーム実施，課題の分析内容など，計28％）, 　YBG結果分析報告（全4回予定，計28％）, 計4回のYBGの成績（業績順位，優秀チームのプレゼンなど，計12％）, 期末レポート（22％）, その他のクラス参加やクラス貢献など（10％）として算出する．2.上記「YBGの成績」について，各YBG実施において課題全てに参加することで基本点を付与する。更に，各回のビジネスゲーム実施にて優れた結果出したチームにはボーナス点を与える。一方，グループワークの欠席など怠業とみなされる事態が発生した場合には当該履修者に対して，ペナルティを与える場合もあり得る．3.第1回目授業における講義説明とYBG説明は大変重要である．第1回目講義の欠席者には受講を認めない．"
情報システムとイノベーション[Information Systems and Innovation],3001409,春学期,田名部 元成[TANABU MOTONARI],経営学部,水曜3限,毎回の授業振り返りクイズ（50%）、事前に指定された内容の事前まとめと振り返りまとめ（50％）の合計による。
情報システムとイノベーション[Information Systems and Innovation],3001409,春学期,田名部 元成[TANABU MOTONARI],経営学部,水曜3限,Based on the sum of a review quiz for each class (50%) and pre-curation and post-curation on the topics specified in each class (50%).
Production and Operations Management[Production and Operations Management],3001410,秋学期,鈴木 定省[SUZUKI SADAMI],経営学部,木曜4限,60％ by final exam or final report30％ by reports during the course10％ by course participation
Production and Operations Management[Production and Operations Management],3001410,秋学期,鈴木 定省[SUZUKI SADAMI],経営学部,木曜4限,60％ by final exam or final report４０％ by reports during the course
統計・機械学習モデル[Statistical Modeling and Machine Learning],3001411,秋学期,松井 暉[MATSUI AKIRA],経営学部,火曜4限,宿題・最終レポートの結果で成績を評価する。
実務家と学ぶデータサイエンス[Data Science in Business],3001412,秋学期,田名部 元成[TANABU MOTONARI],経営学部,水曜4限,"グループワーク(30%), 演習課題(25%), プレゼンテーション(25%)、授業振返り(20%)"
国際経営論Ⅰ[International Business Management 1],3001501,春学期,河野 英子[KONO HIDEKO],経営学部,木曜2限,授業時課題・レポート40％、期末試験60％
国際人的資源管理論[International Human Resource Management],3001503,秋学期,楊 芸[YANG YUNYUE],経営学部,水曜3限,授業時課題・レポート60％、期末試験40％
国際イノベーション・マネジメント論[International Innovation Management],3001504,秋学期,大沼 雅也[ONUMA MASAYA],経営学部,火曜2限,講義内課題・講義への貢献：40％、レポート点：40％、期末小テスト：20％
グローバル商品企画マネジメント論[Global Product Planning Management],3001506,秋学期,谷地 弘安[YACHI HIROYASU],経営学部,水曜2限,学期末の筆記試験で70％授業中のミニクイズ複数回で30％
国際経営史[International Business History],3001507,春学期,竹内 竜介[TAKEUCHI RYOSUKE],経営学部,水曜2限,成績は、授業時間内に行う課題（レポート・ディスカッションなど）（50％）、期末レポート（50％）で評価します。ただし、「出席」回数が7回以下の場合は、「不可」となります。
技術経営論[Management of Technology],3001508,春学期,真鍋 誠司[MANABE SEIJI],経営学部,水曜2限,課題レポートの内容で評価する（100％）。なお、複数回（ほぼ毎回）のレポートを総合して評価する。
比較経営史[Comparative Business History],3001509,秋学期,青木 洋[AOKI HIROSHI],経営学部,火曜4限,グループワーク（100％）。
Business Reading[Business Reading],3001510,春学期,吉川 りさ[YOSHIKAWA LISA],経営学部,水曜4限,授業内課題25%、授業内での取り組み25%、授業外課題30%、最終課題30%で総合的に評価します。
English for Business[English for Business],3001511,秋学期,"ブライソン，スチュアート[BRISON,STUART]",経営学部,木曜4限,"Participation in classes 40%, writing during classes 25% final test 35%"
International Business[International Business],3001512,春学期,グェン アン ハオ[NGUYEN ANH HAO],経営学部,金曜5限,- Weekly assignments: 10%.- Participation and engagement in class discussions and activities: 20%.- Group projects and presentations (Mid-term report): 30%.- Final report: 40%.
イノベーションとプラットフォーム戦略[Innovation and Platform Strategy],3001513,春学期,安本 雅典[YASUMOTO MASANORI],経営学部,木曜4限,期末レポート(評価比率90～100％）、および必要に応じて小課題により総合評価する。
イノベーションとプラットフォーム戦略[Innovation and Platform Strategy],3001513,春学期,安本 雅典[YASUMOTO MASANORI],経営学部,木曜4限,Comprehensive evaluation based on the term-end report(90-100% of evaluation) and other short papers (if necessary) will be used for the overall evaluation.
サステナビリティ経営[Sustainability management],3001514,春学期,石田 満恵[ISHIDA MITSUE],経営学部,木曜3限,最終レポート（40点）、授業＆グループワークにおける積極的な姿勢（質問、回答、提案等）（20点）、毎回の授業後の小レポートの提出（計14回）（20点）、課題レポート提出（1回）（20点）として、総合的に評価します。講義において、受講者が積極的かつ自発的に自身の考えを深め課題に取り組み、将来に渡り社会で活躍するにあたって必要な知識・教養を身に付ける試みをしているか、という点を判断します。※グループワークの実施回数等によって、評価配分が変わる可能性があります。
憲法[Constitutional Law],3001601,秋学期,君塚 正臣[KIMIZUKA MASAOMI],経営学部,水曜4限,期末試験（択一式と論述式の併用。論述式は選択問題とする。追再試験はこれと異なる場合がある）による。ただし、授業中、指し、これによい回答をした場合や小レポート提出率が極めて高い場合などに若干の追加得点を与える場合がある。
行政法[Administrative Law],3001602,春学期,板垣 勝彦[ITAGAKI KATSUHIKO],経営学部,火曜1限,筆記試験による。
人・物と法[Law of General Provisions and Property],3001603,秋学期,柳迫 周平[YANASEKO SHUHEI],経営学部,火曜2限,授業内で行う小テスト（10％×2回＝20％）と期末試験（80％）をもとに評価する。
取引と法[Law of Obligations and Secured Transactions],3001604,春学期,渡邉 拓[WATANABE TAKU],経営学部,火曜5限,成績は、小テスト等を加味したうえで、期末試験によって評価する。期末試験は対面での筆記試験による。持ち込みは一切不可。
契約と法[Law of Contracts and Torts],3001605,秋学期,渡邉 拓[WATANABE TAKU],経営学部,金曜5限,成績は、小テスト等を加味したうえで、期末試験によって評価する。期末試験は対面での筆記試験による。持ち込みは一切不可とする。
家族と法[Family Law],3001606,春学期,柳迫 周平[YANASEKO SHUHEI],経営学部,火曜2限,授業内で行う小テスト（10％×2回＝20％）と期末試験（80％）をもとに評価する。
商法Ⅰ[Corporate Law I],3001607,春学期,芳賀 良[HAGA RYOU],経営学部,火曜3限,成績は、平常点（全体の30％）と期末試験（全体の70％）で評価します。平常点は、授業支援システム上で実施する「到達度確認テスト」（全15回を予定）により評価します。期末試験は、筆記試験を実施する予定です。履修登録する際には、留意してください。
商法Ⅱ[Corporate Law II],3001608,秋学期,芳賀 良[HAGA RYOU],経営学部,火曜3限,成績は、平常点（全体の30％）と期末試験（全体の70％）で評価します。平常点は、授業支援システム上で実施する「到達度確認テスト」（全15回を予定）により評価します。期末試験は、筆記試験を実施する予定です。履修登録する際には、留意してください。
有価証券法[Securities Law],3001609,秋学期,笹岡 愛美[SASAOKA MANAMI],経営学部,火曜3限,○定期試験(100％)・授業の範囲から出題します。・試験は、対面で実施する予定です。ただし、状況によりオンライン試験（またはレポート）の成績に基づく評価に変更する可能性があります。
裁判法[The Judicial System in Japan],3001610,秋学期,金子 章[KANEKO AKIRA],経営学部,月曜1限,テスト（100％）により、厳格・厳正に評価する。出席はとらない。
民事訴訟法[Civil Procedure Law],3001611,秋学期,岡庭 幹司[OKANIWA MASASHI],経営学部,金曜4限,上記到達目標及び履修目標に掲げた事項の達成度を評価の観点として、授業内課題（発言および理解度確認小テスト）20％、期末試験80％の割合で評価します。
民事法特別講義・企業取引法[Civil Law（Business Transaction Law）],3001612,春学期,笹岡 愛美[SASAOKA MANAMI],経営学部,火曜2限,○定期試験(100％)・授業の範囲から出題します。・試験は、対面で実施する予定です。ただし、状況によりオンライン試験（またはレポート）の成績に基づく評価に変更する可能性があります。
アジアグローバル経営基礎[Global Management in Asia],3001703,秋学期,"田名部 元成, NGUYEN VIET HA[TANABU MOTONARI, NGUYEN VIET HA]",経営学部,月曜5限,1. Individual Term Paper in English (30%)2. Class reflection and feedback to Guest Speakers (40%)3. Final Presentation (30%)
アジアグローバル経営基礎[Global Management in Asia],3001703,秋学期,"田名部 元成, NGUYEN VIET HA[TANABU MOTONARI, NGUYEN VIET HA]",経営学部,月曜5限,1. Individual Term Paper in English (30%)2. Class reflection and feedback to Guest Speakers (40%)3. Final Presentation (30%)
銀行論（横浜銀行連携講座）[Banking and Finance in Practice],3001709,春学期,五島 圭一[GOSHIMA KEIICHI],経営学部,月曜5限,小テスト(100%)　毎回の講義において、提出期限を設定し、授業支援システムにてミニテストを実施する。各回の小テストの成績に基づきこの授業の成績評価を行う。提出期限を含む小テスト実施方法のさらなる情報については授業支援システムにて掲示する。
税理士による租税講座[Topics on Tax],3001710,春学期,木村 晃久[KIMURA AKIHISA],経営学部,火曜2限,毎回（第一回目を除く）の講義中に実施する小テスト（4問 or 3問）全50問×2点＝100点満点（100％）【注意事項】1．授業の冒頭に小テスト用のマークシートを配布します。交通機関の遅延証明書がある者は、入室後すぐにコーディネーター教員に対して遅延証明書を提示してください。それ以外の遅刻者には、小テスト開始前に遅刻者用のマークシート（遅刻による減点あり）を配布します。2．ゲストスピーカーによる授業の受講が大前提であるため、大学が認める公欠の場合を除き、レポート等の救済措置は行いません。出席回での小テストで高得点を取ってください。なお、大学が認める公欠の場合は、必要書類を揃えて、コーディネーター教員にコンタクトを取ってください。
社会における実践体験 －富丘会メッセージ－[Working in Active Life],3001712,春学期,石原 健一[ISHIHARA KENICHI],経営学部,月曜3限,毎回講師によるレポート提出課題が提示される。学生が講師の話の中から真に伝えたいことを学習しているかどうかを評価する。秀90点以上、優80点以上、良70点以上、可60点以上　不可59点以下とする。　出席に代わる感想文を毎回回収し出席点とする。
Basics of Business Accounting[Basics of Business Accouintig],3001713,秋学期,"ブライソン，スチュアート[BRISON,STUART]",経営学部,木曜3限,class participation 30%interim test 25%final test 45%
経営者が語るこれからの企業戦略・ｲﾉﾍﾞｰｼｮﾝと若者へのﾒｯｾｰｼﾞ[The Message of Management and Innovation to YNU student from top management of Yokohama],3001715,秋学期,石原 健一[ISHIHARA KENICHI],経営学部,月曜3限,毎回講師によるレポート提出課題が提示される。学生が講師の話の中から真に伝えたいことを学習しているかどうかを評価する。秀90点以上、優80点以上、良70点以上、可60点以上　不可59点以下とする。
クラウドビジネス[Cloud Business],3001716,春学期,田名部 元成[TANABU MOTONARI],経営学部,火曜2限,グループ討議（25%），Trailheadの進捗度（25%），プレゼンテーション（25%）、課題・授業振り返り(25%)の合計
科学技術政策論[Science and Technology Policy],3001720,春学期,矢吹 命大[YABUKI NOBUHIRO],経営学部,金曜2限,・レポート課題（70％）・授業で触れた内容に対する意見や質問を提出するコメントシート（30％）
問題解決のためのデータ分析活用入門[Introduction to Data Analysis for Problem Solving],3001722,春学期,柏木 吉基[KASHIWAGI YOSHIKI],経営学部,木曜2限,"授業への貢献（発言や質問など）およびワークショップ・グループワークへの参加度合い(45%),実践課題への取り組み成果(25%),最終プレゼンテーション(30%)"
アセット・マネジメント論[Asset Management],3001723,秋学期,伊藤 有希[ITO YUKI],経営学部,火曜3限,・小課題の合計：50%ほぼ毎回の講義で小課題を出します．授業支援システムから期限内に課題を提出してください．・期末試験：50%
グローバルキャリアデザイン[Global Career Design],3001724,秋学期,石田 満恵[ISHIDA MITSUE],経営学部,金曜4限,プレゼンテーション＆最終レポート（40点）、講義への積極的参加＆発言（30点）、ビジネスパーソン講演＆帰国報告会後のフィードバックレポート（計3回）（30点）として、総合的に評価します。講義において、受講者が積極的かつ自発的に自身の考えを深め課題に取り組み、グローバル舞台で活躍するにあたり必要とされる必要な知識・教養を身に付ける試みをしているか、という点を判断します。
中堅・中小企業経営論（株式会社船井総研総合研究所  寄付講義）[Theory of Mid-sized and Small Business Management],3001725,春学期,"小松原 直子, 菊地 智也[KOMATSUBARA NAOKO, KIKUCHI TOMOYA]",経営学部,月曜3限,毎回の講義での小レポート（80%）講義における発言（20%）※小レポート提出回数が12回に満たない場合は評価しない
『会計実務入門』～ビジネスの三種の神器～JICPA神奈川県会[Introduction to Accounting Practice: The Three Essential Status Symbols of Business],3001726,秋学期,前山 政之[MAEYAMA NOBUYUKI],経営学部,金曜2限,1．評価は授業に出席した生徒を対象として、授業⽀援システムに提出されたミニテストの回答や授業の感想等に基づき判定する（感想等の内容が杜撰な場合は減点します）。（15回で100点満点になるように配点設定します）。【注意事項】1．授業の要点を確認する小テストが主たる目的ではなく、講師の先生方の貴重なお話を聞いてもらうことが重要な目的ですので、公⽋、就職活動による遅刻・⽋席への救済措置は⾏いません。出席回でノートを取りながらしっかり聴講し、⼩テストで⾼得点を取ってください。2．授業の冒頭に出席をとり、遅刻者の⼩テストは減点対象となる事があります。3．講義中にもマークシート等により出席を取ることもあり、欠席者（講義に未出席）や早退者がミニテストに回答した場合には不正行為と看做し本講座の単位を付与しません。加えて不正行為の協力者も同様の処罰対象とします。
企業変革プログラム概論（EY・ミレトス合同連携講座）[Enterprise Transformation Programs],3001727,春学期,"関根 幸児, 大森 明, 髙橋 康文[SEKINE KOJI, OMORI AKIRA, TAKAHASHI YASUFUMI]",経営学部,月曜4限,講義中の発言（50％）　プレゼンテーションもしくはレポート提出（50％）※ただし、出席率80％を超えない受講生は評価しない。
Global Corporate Management[Global Corporate Management],3001728,秋学期,石原 健一[ISHIHARA KENICHI],経営学部,,"a)Students will be graded on attendance to the classes, participation of class discussion, ability to grasp of key points of topics, comprehend each session of the class.(40% of Evaluation)b)Each class reports recapping the course contents and comprehension of the class will be conducted.(30% of Evaluation)c)Final examination will be conducted at the end of the course.(30% of Evaluation)"
経営英語演習Ａ[English Exercises for KEIEI A],3001801,春学期,佐藤 利晴[SATO TOSHIHARU],経営学部,水曜3限,テストの平均点を算出その平均点から欠席(３点)・遅刻(１点)・早退(１点)などを減点した点数を基に成績評価を行う。６回欠席した場合は、単位は取得できない。
経営英語演習Ａ[English Exercises for KEIEI A],3001802,春学期,白井 明[SHIRAI AKIRA],経営学部,水曜3限,積極的な授業参加２０％語彙(中間・期末)３０％TOEIC模擬問題(中間・期末)５０％初回の授業で成績評価とクラスルールについて詳しく説明する。必ず出席すること。
経営英語演習Ａ[English Exercises for KEIEI A],3001803,春学期,佐藤 利晴[SATO TOSHIHARU],経営学部,水曜4限,テストの平均点を算出その平均点から欠席(３点)・遅刻(１点)・早退(１点)などを減点した点数を基に成績評価を行う。６回欠席した場合は、単位は取得できない。
経営英語演習Ａ[English Exercises for KEIEI A],3001804,春学期,白井 明[SHIRAI AKIRA],経営学部,水曜4限,積極的な授業参加２０％語彙(中間・期末)３０％TOEIC模擬問題(中間・期末)５０％初回の授業で成績評価とクラスルールについて詳しく説明する。必ず出席すること。
経営英語演習Ｂ[English Exercises for KEIEI B],3001805,秋学期,佐藤 利晴[SATO TOSHIHARU],経営学部,水曜3限,テストの平均点を算出その平均点から欠席(３点)・遅刻(１点)・早退(１点)などを減点した点数を基に成績評価を行う。６回欠席した場合は、単位は取得できない。
経営英語演習Ｂ[English Exercises for KEIEI B],3001806,秋学期,白井 明[SHIRAI AKIRA],経営学部,水曜3限,積極的な授業参加２０％語彙(中間・期末)３０％TOEIC模擬問題(中間・期末)５０％初回の授業で成績評価とクラスルールについて詳しく説明する。必ず出席すること。
経営英語演習Ｂ[English Exercises for KEIEI B],3001807,秋学期,佐藤 利晴[SATO TOSHIHARU],経営学部,水曜4限,テストの平均点を算出その平均点から欠席(３点)・遅刻(１点)・早退(１点)などを減点した点数を基に成績評価を行う。６回欠席した場合は、単位は取得できない。
経営英語演習Ｂ[English Exercises for KEIEI B],3001808,秋学期,白井 明[SHIRAI AKIRA],経営学部,水曜4限,積極的な授業参加２０％語彙(中間・期末)３０％TOEIC模擬問題(中間・期末)５０％初回の授業で成績評価とクラスルールについて詳しく説明する。必ず出席すること。
演習Ⅰ[Seminar I],3001901,通年,"青木 洋, 公文 蔵人, 君島 美葵子, 倉田 久[AOKI HIROSHI, KUMON KURATO, KIMIJIMA MIKIKO, KURATA HISASHI]",経営学部,不定期,１分野25点×４分野＝100点で評価する。各分野では、毎回のプレゼンテーション資料、発表、ディスカッションの状況とレポートを総合的に評価する。
演習Ⅱ[Seminar Ⅱ],3001902,通年,"青木 洋, 公文 蔵人, 君島 美葵子, 倉田 久[AOKI HIROSHI, KUMON KURATO, KIMIJIMA MIKIKO, KURATA HISASHI]",経営学部,不定期,１分野25点×４分野＝100点で評価する。各分野では、毎回のプレゼンテーション資料、発表、ディスカッションの状況とレポートを総合的に評価する。
演習Ⅲ[Seminar Ⅲ],3001903,通年,青木 洋[AOKI HIROSHI],経営学部,不定期,グループワーク（100％）。なお、欠席した場合はレポートを課す。
演習Ⅳ[Seminar Ⅳ],3001904,通年,青木 洋[AOKI HIROSHI],経営学部,不定期,グループワーク（100％）。なお、欠席した場合はレポートを課す。
簿記論Ⅰ[Bookkeeping Ⅰ],3001916,春学期,"泉 宏之, 原 俊雄[IZUMI HIROYUKI, HARA TOSHIO]",経営学部,水曜6限,簿記ＣＡＩの記帳練習を全て終了した場合（50％）、定期試験（50％）。　定期試験が実施できない場合は、授業支援システムを利用した小テスト等で評価する。
簿記論Ⅱ[Bookkeeping Ⅱ],3001917,秋学期,"原 俊雄, 泉 宏之[HARA TOSHIO, IZUMI HIROYUKI]",経営学部,水曜6限,定期試験(50％)，簿記ＣＡＩ(50％)簿記ＣＡＩには，授業の進捗に応じて，計画的に取り組むこと。
管理会計論Ⅰ[Management Accounting Ⅰ],3001918,春学期,君島 美葵子[KIMIJIMA MIKIKO],経営学部,金曜6限,毎回の復習課題（30％）、中間レポート（20％）、期末レポート（50％）の総合点に基づき行う。中間レポート、及び期末レポートでは、論述問題と計算問題の両方を出題する。
管理会計論Ⅱ[Management Accounting Ⅱ],3001919,秋学期,君島 美葵子[KIMIJIMA MIKIKO],経営学部,金曜6限,毎回の復習課題（30％）、中間レポート（20％）、期末レポート（50％）の総合点に基づき行う。中間レポート、及び期末レポートでは、論述問題と計算問題の両方を出題する。
マーケティング論[Marketing],3001920,秋学期,鶴見 裕之[TSURUMI HIROYUKI],経営学部,金曜7限,・テスト（60）ではマーケティングに関する基礎知識の理解レベルを評価する・レポート（20）ではマーケティング戦略の構築プロセスに対する理解レベルを評価する・授業外課題（20）では予習・復習の状況を評価する
マーケティング論[Marketing],3001920,秋学期,鶴見 裕之[TSURUMI HIROYUKI],経営学部,金曜7限,Test (60) assesses the level of understanding of marketing fundamentals.The report (20) assesses the level of understanding of the marketing strategy development process.Assessment of the level of preparation and review in out-of-class assignments (20).
経営管理論[Business Management],3001922,春学期,山岡 徹[YAMAOKA TORU],経営学部,火曜6限,評価における観点： 授業の内容を正しく理解できているかどうか。理解度確認のための中間テスト（不定期で複数回実施する）70％、期末試験30％で成績評価を行う。
原価会計論[Cost Accounting],3001923,秋学期,高橋 賢[TAKAHASHI MASARU],経営学部,火曜6限,原価計算CAI（8題完答で20点，完答していない場合は0点），期末試験（80％）。
技術経営論[Management of Technology],3001924,春学期,真鍋 誠司[MANABE SEIJI],経営学部,水曜6限,課題レポートの内容で評価する（100％）。なお、複数回（ほぼ毎回）のレポートを総合して評価する。
グローバルビジネス実践論[Global Business-through the Practical Experiences],3002516,秋学期,関 仁[SEKI HITOSHI],経営学部,月曜4限,毎回の授業の最後の10分間でフィードバックを書いてもらい授業終了後提出してもらいます。毎回のフィードバックの評価点を積算したものが総合成績になります。従って欠席が多い学生は、総合評価点が低くなりますので、留意してください。尚、就活、病気、忌引き等でやむを得ず欠席する場合には、授業支援システム等で担当教員に連絡すれば、相応の配点を差し上げます。また、授業中の質問者には加点を差し上げます。
マーケティング・プラクティス[Marketing Practice],3002519,春学期,伊藤 淳司[ITO JUNJI],経営学部,月曜5限,「授業やグループワークでの発言等（40％）」「提出課題＆提案資料（30％）」「プレゼンテーション（30％）」を総合して評価する。
マイ･プロジェクト・ランチャー[My Project Launcher],3002520,秋学期,伊藤 淳司[ITO JUNJI],経営学部,月曜5限,グループワークでの発言内容や回数（50％）、仮説検証の内容・実践など（30％）、最終レポートと発表（20％）
"実務家が説く会計・監査・税務の最新事情[Hot Information of Practical Accounting,Audit & Tax]",3002521,秋学期,君島 美葵子[KIMIJIMA MIKIKO],経営学部,火曜2限,（成績評価の方法）受講生による講義への出席を必須条件として、講義時間内に出題する小テスト解答や感想等提出の成績合計を用いる。（成績評価の配分）具体的には、下記の通り・講義の理解度を確認する小テスト・・・マークシートによる解答（100％）・感想等のレポート・・・授業支援システムを通じて提出（回答内容が登壇の先生方に対して誠実なものではなく、杜撰な内容と判断できるものは減点する。）【注意事項】1．毎回の講義において、あらかじめ設定した時間内にマークシートを手渡しで各人１枚ずつ配付する。このマークシートは、出席確認を兼ねており、講義回によっては解答用紙にもなる。マークシートは授業終了時に個別に回収する。2．講義終了時にマークシート未提出であるにも関わらず、授業支援システムから感想等を提出している場合には「不可」とする。3. 講義終了時にマークシートを提出しなかった受講生は、欠席扱いとして、小テストや感想等は0点とする。体調不良等で途中で帰宅の申し出は、Googleマップのタイムラインなど、それを立証できる証拠がない限り認めない。4．本学では以下の事由によりやむを得ず授業を欠席した場合は「横浜国立大学における授業の欠席に関する取扱要項」により単位認定要件に係る欠席扱いとしない。本講義では、以下の３つに該当する場合を対象とする。（１）親族が死亡した場合（２）学校保健安全法施行規則第１８条に規定する感染症に罹患した場合（３）裁判員の参加する刑事裁判に関する法律に規定する裁判員制度による裁判員又は裁判員候補者に選任された場合該当する学生は「横浜国立大学における授業の欠席に関する取扱要項」の別表１を参照のうえ「授業日を含めて７日間以内」に関係書類を担当教員へ提出すること（例：10月14日に欠席した場合には、10月20日までに関係書類を提出する）。
横浜DeNAベイスターズスポーツ経営論[YOKOHAMA DeNA BAYSTARS Sports Management],3002522,春学期,"鶴見 裕之, 大森 明, 君島 美葵子, 中村 博之[TSURUMI HIROYUKI, OMORI AKIRA, KIMIJIMA MIKIKO, NAKAMURA HIROYUKI]",経営学部,集中,グループプレゼンテーションの最終報告内容、グループワークにおけるディスカッション、作業およびレポートに対して評価を行う。配分についてはベイスターズとの協議の上早期にアナウンスする予定である。
横浜DeNAベイスターズスポーツ経営論[YOKOHAMA DeNA BAYSTARS Sports Management],3002522,春学期,"鶴見 裕之, 大森 明, 君島 美葵子, 中村 博之[TSURUMI HIROYUKI, OMORI AKIRA, KIMIJIMA MIKIKO, NAKAMURA HIROYUKI]",経営学部,集中,"Evaluation will be based on the final presentation content of the group presentation, discussions in group work, assignments, and reports. The weighting will be announced as early as possible after consultation with BayStars."
青木ゼミナールⅠ[Seminar:Comparative Business History 1],3005001,通年,青木 洋[AOKI HIROSHI],経営学部,水曜4限,グループワーク（100％）。なお、欠席した場合はレポートで評価する。
伊藤ゼミナールⅠ[Seminar : Finance 1],3005002,通年,伊藤 有希[ITO YUKI],経営学部,火曜4限,ゼミ発表（45％）ゼミ課題（レポート・卒論等を含む）（45％）ディスカッションへの参加（10％）
大雄ゼミナールⅠ[Seminar : Financial Statement Analysis 1],3005003,通年,大雄 智[OTAKA SATORU],経営学部,金曜3限,ゼミナールの課題に対する取り組み状況（75％）、議論への参加度（25％）
大沼ゼミナールⅠ[Seminar : Innovation Management 1],3005004,通年,大沼 雅也[ONUMA MASAYA],経営学部,木曜3限,研究と輪読の発表（50%）、ディスカッションへの参加と貢献（50%）
大森ゼミナールⅠ[Seminar : National Accounting 1],3005005,通年,大森 明[OMORI AKIRA],経営学部,火曜5限,基礎ゼミナールおよびゼミナールⅠ：　各人の発表内容と他者の発表に対する質疑・応答状況のほか、グループワークを多用するので、各グループ内での貢献度合いとグループとしてのアウトプットから総合的に評価します。ゼミ活動全般への貢献度合いも考慮に入れます。ゼミナールⅡ：　卒業論文完成に向けたプロセスを評価します。研究方法の体得状況、先行研究レビューの完成度、そして、毎回の報告から改善していっているかどうかを評価します。報告者：レジュメの内容、報告、質疑応答（50％）報告者以外：質問内容、意見表明、ディスカッション参加（50％）
小川ゼミナールⅠ[Seminar :Industrial  Sociology 1],3005006,通年,小川 慎一[OGAWA SHINICHI],経営学部,木曜5限,報告・質疑応答（60%）＋質問・司会等ゼミナールへの参加（30%）＋ゼミナール運営や課外活動への参加や協力（10%）
木村ゼミナールⅠ[Seminar : Financial Accounting 1],3005008,通年,木村 晃久[KIMURA AKIHISA],経営学部,金曜5限,報告の質（80%）報告に対するコメントの質（20%）
公文ゼミナールⅠ[Seminar : Business History 1],3005009,通年,公文 蔵人[KUMON KURATO],経営学部,火曜4限,授業での討論の状況(100%)
倉田ゼミナールⅠ[Seminar : Operations Management 1],3005010,通年,倉田 久[KURATA HISASHI],経営学部,月曜2限,毎回のゼミナールでの授業参加30％、各人に課した宿題・レポート・発表などの課題50％，卒論関連の発表会の発表内容とテーマ選定の進捗20%
郭ゼミナールⅠ[Seminar : Management Science 1],3005011,通年,郭 沛俊[GUO PEIJUN],経営学部,木曜3限,討論・発表などにより評価する。
河野ゼミナールⅠ[Seminar : International Business Management 1],3005012,通年,河野 英子[KONO HIDEKO],経営学部,春：火曜4限　秋：火曜3限,課題・発表の質・内容（50％）、ディスカッションへの参加（50％）
五島ゼミナールⅠ[Seminar : Computer Science and Data Science 1],3005013,通年,五島 圭一[GOSHIMA KEIICHI],経営学部,木曜4限,課題（100%）
軸屋ゼミナールⅠ,3005014,通年,軸屋 泰隆[JIKUYA YASUTAKA],経営学部,金曜3限,・発表時のプレゼンテーションの質（50％）・ゼミ活動への能動的な参加(５0%)
鈴木（定）ゼミナールⅠ[Seminar : Supply Chain Management 1],3005016,通年,鈴木 定省[SUZUKI SADAMI],経営学部,水曜3限,各自の問題設定と関連研究のサーベイによるプレゼンテーション準備（30%）プレゼンテーション（40％）ディスカッションへの参加（30％）
孫ゼミナールⅠ[Seminar : Environmental Management 1],3005017,通年,孫 穎[SUN YING],経営学部,火曜2限,発表内容・議論の参加（40％）、学習姿勢（40％）、ゼミ運営への貢献（20％）から総合的に評価する。※　下記者が特に評価する。　１．授業中活発に発言し、ディスカッションに参加する者　２．ゼミ運営に積極的に携わる者
曹ゼミナールⅠ[Seminar : Ecological Accounting 1],3005018,通年,曹 勁[CAO JIN],経営学部,火曜4限,プレゼンテーション（50％）、議論への積極的参加（50％）により評価します。
多田ゼミナールⅠ[Seminar : Consumer Behavior 1],3005019,通年,多田 伶[TADA REI],経営学部,木曜4限,以下の項目に基づき、総合的に評価する。・ディスカッションの内容（30%）・プレゼンテーションの内容（30%）・プロジェクトの貢献度（40%）
高井ゼミナールⅠ[Seminar : Strategic Management 1],3005020,通年,高井 文子[TAKAI AYAKO],経営学部,水曜3限,課題の内容、発言、ゼミ活動への貢献を点数化して評価する。概ね、課題の内容・発言が８割、ゼミ活動への貢献が２割とする。
髙須ゼミナールⅠ[Seminar : Financial Accounting 1],3005021,通年,髙須 悠介[TAKASU YUSUKE],経営学部,金曜3限,毎回の演習での発表・発言内容（100%）
高橋（賢）ゼミナールⅠ[Seminar : Management Accounting 1],3005022,通年,高橋 賢[TAKAHASHI MASARU],経営学部,木曜5限,ゼミでの報告と議論への参加（100％）
竹内ゼミナールⅠ[Seminar : International Business Management 1],3005023,通年,竹内 竜介[TAKEUCHI RYOSUKE],経営学部,水曜4限,報告および議論への参加（50％）、課題への取り組み（50％）
鶴見ゼミナールⅠ[Seminar : Marketing 1],3005025,通年,鶴見 裕之[TSURUMI HIROYUKI],経営学部,火曜4限,ゼミナールへの貢献（100）
原ゼミナールⅠ[Seminar : Accounting Theory 1],3005027,通年,原 俊雄[HARA TOSHIO],経営学部,火曜5限,報告者担当の場合において，レジュメの作成、報告および質問に対する応答（50％）報告者担当以外の場合において，質問や意見の表明（50％）
森田ゼミナールⅠ[Seminar : Financial Economics 1],3005028,通年,久田 祥子[HISADA SHOKO],経営学部,火曜4限,成績評価は、下記の項目で総合評価を行います。発表資料、それに基づく発表内容、質問への回答内容：50％ディスカッション：50％
二神ゼミナールⅠ[Seminar : Personnel Management 1],3005029,通年,二神 枝保[FUTAGAMI SHIHO],経営学部,水曜1限・水曜2限,出席、発表、レポートの総合評価
前山ゼミナールⅠ[Seminar : Auditing 1],3005030,通年,前山 政之[MAEYAMA NOBUYUKI],経営学部,水曜5限,報告者担当の場合において、レジュメの作成、報告および質問に対する応答（80％）報告者担当以外の場合において、質問や意見の表明（20％）
松井（暉）ゼミナールⅠ[Seminar : Business Data Science 1],3005031,通年,松井 暉[MATSUI AKIRA],経営学部,火曜2限,ゼミでは、以下の項目を満たしているかどうかで成績を評価する。・ゼミナールの演習にすべて参加すること(30%)・他の参加者やその他の人の意見を尊重すること(30%)・データ分析を自分で行うこと(40%)
真鍋ゼミナールⅠ[Seminar : Technology Manegement 1],3005032,通年,真鍋 誠司[MANABE SEIJI],経営学部,金曜4限,発表の内容（70）、ディスカッション参加（30）。
本橋ゼミナールⅠ[Seminar : Marketing Science 1],3005033,通年,本橋 永至[MOTOHASHI EIJI],経営学部,火曜4限,ゼミナールへの貢献度（100%）
谷地ゼミナールⅠ[Seminar : International Marketing Strategy 1],3005034,通年,谷地 弘安[YACHI HIROYASU],経営学部,火曜3限,複数回の課題提出（50％），プレゼンテーション内容（50％）で評価する。
山岡ゼミナールⅠ[Seminar: Business Administration 1],3005036,通年,山岡 徹[YAMAOKA TORU],経営学部,木曜4限・木曜5限,・輪読、プレゼンテーション等で提出された課題のクオリティ（60％）・ゼミナール活動全般において主体的に発言、質問し、議論や学びを深めることに貢献した度合い(40%)
横田ゼミナールⅠ,3005038,通年,横田 一貴[YOKOTA KAZUKI],経営学部,火曜4限,・提出課題（レジュメ、レポート）の内容（50%）・ディスカッションでの発言など周囲の学習への貢献（50%）
青木ゼミナールⅡ[Seminar : Comparative Business History 2],3006001,通年,青木 洋[AOKI HIROSHI],経営学部,水曜3限,グループワーク（100％）。なお、欠席した場合はレポートで評価する。
伊藤ゼミナールⅡ[Seminar : Finance 2],3006002,通年,伊藤 有希[ITO YUKI],経営学部,火曜3限,ゼミ発表（45％）ゼミ課題（レポート・卒論等を含む）（45％）ディスカッションへの参加（10％）
大雄ゼミナールⅡ[Seminar : Financial Statement Analysis 2],3006003,通年,大雄 智[OTAKA SATORU],経営学部,金曜3限,ゼミナールの課題に対する取り組み状況（75％）、議論への参加度（25％）
大沼ゼミナールⅡ[Seminar : Innovation Management 2],3006004,通年,大沼 雅也[ONUMA MASAYA],経営学部,木曜4限,研究と輪読の発表（50%）、ディスカッションへの参加と貢献（50%）
大森ゼミナールⅡ[Seminar : National Accounting 2],3006005,通年,大森 明[OMORI AKIRA],経営学部,火曜4限,基礎ゼミナールおよびゼミナールⅠ：　各人の発表内容と他者の発表に対する質疑・応答状況のほか、グループワークを多用するので、各グループ内での貢献度合いとグループとしてのアウトプットから総合的に評価します。ゼミ活動全般への貢献度合いも考慮に入れます。ゼミナールⅡ：　卒業論文完成に向けたプロセスを評価します。研究方法の体得状況、先行研究レビューの完成度、そして、毎回の報告から改善していっているかどうかを評価します。報告者：レジュメの内容、報告、質疑応答（50％）報告者以外：質問内容、意見表明、ディスカッション参加（50％）
小川ゼミナールⅡ[Seminar : Industrial  Sociology 2],3006006,通年,小川 慎一[OGAWA SHINICHI],経営学部,木曜5限,報告・質疑応答（60%）＋質問・司会等ゼミナールへの参加（30%）＋ゼミナール運営や課外活動への参加や協力（10%）
貴志ゼミナールⅡ[Seminar : Industrial Analysis 2],3006007,通年,貴志 奈央子[KISHI NAOKO],経営学部,水曜5限,既存研究のレビュー　30%業界調査　　　　　　15%事業分析　　　　　　30%分析結果に基づくインプリケーションの導出 25%
木村ゼミナールⅡ[Seminar : Financial Accounting 2],3006008,通年,木村 晃久[KIMURA AKIHISA],経営学部,金曜5限,報告の質（80%）報告に対するコメントの質（20%）
公文ゼミナールⅡ[Seminar : Business History 2],3006009,通年,公文 蔵人[KUMON KURATO],経営学部,火曜2限,授業での討論の状況(100%)
倉田ゼミナールⅡ[Seminar : Operations Management 2],3006010,通年,倉田 久[KURATA HISASHI],経営学部,火曜2限,毎回のゼミナールでの授業参加30％、各人に課した宿題・レポート・発表などの課題50％，卒論関連の発表会の発表内容とテーマ選定の進捗20%
郭ゼミナールⅡ[Seminar : Management Science 2],3006011,通年,郭 沛俊[GUO PEIJUN],経営学部,木曜4限,討論・発表などにより評価する。
河野ゼミナールⅡ[Seminar : International Business Management 2],3006012,通年,河野 英子[KONO HIDEKO],経営学部,春：火曜3限、秋：火曜4限,課題・発表の質・内容（50％）、ディスカッションへの参加（50％）
五島ゼミナールⅡ[Seminar : Computer Science and Data Science 2],3006013,通年,五島 圭一[GOSHIMA KEIICHI],経営学部,木曜5限,課題（100%）
鈴木（香）ゼミナールⅡ[Seminar : Business Mathematics 2],3006015,通年,鈴木 香織[SUZUKI KAORI],経営学部,木曜5限,ゼミへの出席とディスカッション内容6割、提出物4割各学期4回以上、年間トータル6回以上の無断欠席は不可とする。
鈴木（定）ゼミナールⅡ[Seminar : Supply Chain Management 2],3006016,通年,鈴木 定省[SUZUKI SADAMI],経営学部,水曜4限,各自の問題設定と関連研究のサーベイによるプレゼンテーション準備（30%）プレゼンテーション（40％）ディスカッションへの参加（30％）
孫ゼミナールⅡ[Seminar : Environmental Management 2],3006017,通年,孫 穎[SUN YING],経営学部,火曜3限,発表内容・議論の参加（40％）、学習姿勢（40％）、ゼミ運営への貢献（20％）から総合的に評価する。※　下記者が特に評価する。　１．授業中活発に発言し、ディスカッションに参加する者　２．ゼミ運営に積極的に携わる者
曹ゼミナールⅡ[Seminar : Ecological Accounting 2],3006018,通年,曹 勁[CAO JIN],経営学部,火曜3限,プレゼンテーション（50％）、議論への積極的参加（50％）により評価します。
多田ゼミナールⅡ[Seminar : Consumer Behavior 2],3006019,通年,多田 伶[TADA REI],経営学部,木曜5限,以下の項目に基づき、総合的に評価する。・ディスカッションの内容（30%）・プレゼンテーションの内容（30%）・プロジェクトの貢献度（40%）
高井ゼミナールⅡ[Seminar : Strategic Management 2],3006020,通年,高井 文子[TAKAI AYAKO],経営学部,水曜4限,課題の内容、発言、ゼミ活動への貢献を点数化して評価する。概ね、課題の内容・発言が８割、ゼミ活動への貢献が２割とする。
髙須ゼミナールⅡ[Seminar : Financial Accounting 2],3006021,通年,髙須 悠介[TAKASU YUSUKE],経営学部,金曜4限,毎回の演習での発表・発言内容（100%）
高橋（賢）ゼミナールⅡ[Seminar : Management Accounting 2],3006022,通年,高橋 賢[TAKAHASHI MASARU],経営学部,木曜5限,ゼミでの報告と議論への参加（100％）
竹内ゼミナールⅡ[Seminar : International Business Management 2],3006023,通年,竹内 竜介[TAKEUCHI RYOSUKE],経営学部,水曜3限,報告および議論への参加（50％）、課題への取り組み（50％）
田名部ゼミナールⅡ[Seminar : System Thinking and Systems Practice 2],3006024,通年,田名部 元成[TANABU MOTONARI],経営学部,火曜3限,討議・発表40%、文献レビュー 30%、調査実践30%
中村ゼミナールⅡ[Seminar : Cost Accounting 2],3006026,通年,中村 博之[NAKAMURA HIROYUKI],経営学部,火曜5限,"卒業論文報告(80%),他の報告へのコメント(20%)"
原ゼミナールⅡ[Seminar : Accounting Theory 2],3006027,通年,原 俊雄[HARA TOSHIO],経営学部,金曜1限,報告者担当の場合において，レジュメの作成、報告および質問に対する応答（50％）報告者担当以外の場合において，質問や意見の表明（50％）
森田ゼミナールⅡ[Seminar : Financial Economics 2],3006028,通年,久田 祥子[HISADA SHOKO],経営学部,火曜5限,成績評価は、下記の項目で総合評価を行います。卒業論文の報告資料の内容：50％ゼミナールでのディスカッションの内容：50％
二神ゼミナールⅡ[Seminar : Personnel Management 2],3006029,通年,二神 枝保[FUTAGAMI SHIHO],経営学部,水曜1限・水曜2限,出席、発表、レポートの総合評価
前山ゼミナールⅡ[Seminar : Auditing 2],3006030,通年,前山 政之[MAEYAMA NOBUYUKI],経営学部,金曜5限,報告者担当の場合において、レジュメの作成、報告および質問に対する応答（80％）報告者担当以外の場合において、質問や意見の表明（20％）
松井（暉）ゼミナールⅡ[Seminar : Business Data Science 2],3006031,通年,松井 暉[MATSUI AKIRA],経営学部,火曜3限,ゼミでは、以下の項目を満たしているかどうかで成績を評価する。・ゼミナールの演習にすべて参加すること(30%)・他の参加者やその他の人の意見を尊重すること(30%)・データ分析を自分で行うこと(40%)
真鍋ゼミナールⅡ[Seminar : Technology Manegement 2],3006032,通年,真鍋 誠司[MANABE SEIJI],経営学部,金曜3限,発表の内容（70）、ディスカッション参加（30）。
本橋ゼミナールⅡ[Seminar : Marketing Science 2],3006033,通年,本橋 永至[MOTOHASHI EIJI],経営学部,火曜4限,ゼミナールへの貢献度（100%）
谷地ゼミナールⅡ[Seminar : International Marketing Strategy 2],3006034,通年,谷地 弘安[YACHI HIROYASU],経営学部,火曜4限,複数回の課題提出（50％），プレゼンテーション内容（50％）で評価する。
山岡ゼミナールⅡ[Seminar : Business Administration 2],3006036,通年,山岡 徹[YAMAOKA TORU],経営学部,火曜3限,・輪読、プレゼンテーション等で提出された課題のクオリティ（60％）・ゼミナール活動全般において主体的に発言、質問し、議論や学びを深めることに貢献した度合い(40%)
横澤ゼミナールⅡ[Seminar : International Management 2],3006039,通年,横澤 公道[YOKOZAWA KODO],経営学部,木曜3限,メンバーやゼミへの貢献をみて総合的に評価します。
基礎ゼミナール[Pre-Seminar],3006101,秋学期,青木 洋[AOKI HIROSHI],経営学部,,グループワーク（100％）。なお、欠席した場合はレポートで評価する。
基礎ゼミナール[Pre-Seminar],3006102,秋学期,伊藤 有希[ITO YUKI],経営学部,,ゼミ発表（45％）ゼミ課題（レポート・卒論等を含む）（45％）ディスカッションへの参加（10％）
基礎ゼミナール[Pre-Seminar],3006103,秋学期,大雄 智[OTAKA SATORU],経営学部,,ゼミナールの課題に対する取り組み状況（75％）、チームへの貢献度（25％）
基礎ゼミナール[Pre-Seminar],3006104,秋学期,大沼 雅也[ONUMA MASAYA],経営学部,,研究と輪読の発表（50%）、ディスカッションへの参加と貢献（50%）
基礎ゼミナール[Pre-Seminar],3006105,秋学期,大森 明[OMORI AKIRA],経営学部,,基礎ゼミナールおよびゼミナールⅠ：　各人の発表内容と他者の発表に対する質疑・応答状況のほか、グループワークを多用するので、各グループ内での貢献度合いとグループとしてのアウトプットから総合的に評価します。ゼミ活動全般への貢献度合いも考慮に入れます。ゼミナールⅡ：　卒業論文完成に向けたプロセスを評価します。研究方法の体得状況、先行研究レビューの完成度、そして、毎回の報告から改善していっているかどうかを評価します。報告者：レジュメの内容、報告、質疑応答（50％）報告者以外：質問内容、意見表明、ディスカッション参加（50％）
基礎ゼミナール[Pre-Seminar],3006106,秋学期,岡部 考宏[OKABE TAKAHIRO],経営学部,,ゼミへの出席とディスカッション内容6割、提出物4割各学期4回以上、年間トータル6回以上の無断欠席は不可とする。
基礎ゼミナール[Pre-Seminar],3006107,秋学期,小川 慎一[OGAWA SHINICHI],経営学部,,報告・質疑応答（60%）＋質問・司会等ゼミナールへの参加（30%）＋ゼミナール運営や課外活動への参加や協力（10%）
基礎ゼミナール[Pre-Seminar],3006108,秋学期,君島 美葵子[KIMIJIMA MIKIKO],経営学部,,・基礎ゼミナール（2年生秋学期）の成績評価方法担当箇所の報告内容の質（80%），ゼミナールへの積極的な参加（20%）で総合的に評価する。・ゼミナールⅠ（3年生）の成績評価方法担当箇所の報告内容の質（60%），ゼミナールへの積極的な参加（20%），期末レポート（20%）で総合的に評価する。・ゼミナールⅡ（4年生）の成績評価方法担当箇所の報告内容の質（80%），ゼミナールへの積極的な参加（20%）で総合的に評価する。
基礎ゼミナール[Pre-Seminar],3006109,秋学期,木村 晃久[KIMURA AKIHISA],経営学部,,報告の質（80%）報告に対するコメントの質（20%）
基礎ゼミナール[Pre-Seminar],3006110,秋学期,公文 蔵人[KUMON KURATO],経営学部,,授業での討論の状態(100%)による。
基礎ゼミナール[Pre-Seminar],3006111,秋学期,倉田 久[KURATA HISASHI],経営学部,,毎回のゼミナールでの授業参加（質問、コメント、発言など）50％、割り当てられた宿題・レポート・発表などの課題50％
基礎ゼミナール[Pre-Seminar],3006112,秋学期,郭 沛俊[GUO PEIJUN],経営学部,,討論・発表などにより評価する。
基礎ゼミナール[Pre-Seminar],3006113,秋学期,河野 英子[KONO HIDEKO],経営学部,,課題・発表の質・内容（50％）、ディスカッションへの参加（50％）
基礎ゼミナール[Pre-Seminar],3006114,秋学期,五島 圭一[GOSHIMA KEIICHI],経営学部,,課題（100%）
基礎ゼミナール[Pre-Seminar],3006115,秋学期,佐々木 秀綱[SASAKI HIDETSUNA],経営学部,,提出物の質や議論への貢献度に応じて総合的に評価します．
基礎ゼミナール[Pre-Seminar],3006116,秋学期,軸屋 泰隆[JIKUYA YASUTAKA],経営学部,,・発表時のプレゼンテーションの質（50％）・ゼミ活動への能動的な参加(５0%)
基礎ゼミナール[Pre-Seminar],3006117,秋学期,鈴木 定省[SUZUKI SADAMI],経営学部,,各自の問題設定と関連研究のサーベイによるプレゼンテーション準備（30%）プレゼンテーション（40％）ディスカッションへの参加（30％）
基礎ゼミナール[Pre-Seminar],3006118,秋学期,曹 勁[CAO JIN],経営学部,,プレゼンテーション（50％）、議論への積極的参加（50％）により評価します。
基礎ゼミナール[Pre-Seminar],3006119,秋学期,孫 穎[SUN YING],経営学部,,発表内容・議論の参加（40％）、学習姿勢（40％）、ゼミへの貢献（20％）から総合的に評価する。※　下記者が特に評価する。　１．授業中活発に発言し、ディスカッションに参加する者　２．ゼミ運営に積極的に携わる者
基礎ゼミナール[Pre-Seminar],3006120,秋学期,高井 文子[TAKAI AYAKO],経営学部,,課題の内容、発言、ゼミ活動への貢献を点数化して評価する。概ね、課題の内容・発言が８割、ゼミ活動への貢献が２割とする。
基礎ゼミナール[Pre-Seminar],3006121,秋学期,高橋 賢[TAKAHASHI MASARU],経営学部,,毎回の議論への参加(100％)
基礎ゼミナール[Pre-Seminar],3006122,秋学期,竹内 竜介[TAKEUCHI RYOSUKE],経営学部,,報告および議論への参加（50％）、課題への取り組み（50％）
基礎ゼミナール[Pre-Seminar],3006123,秋学期,多田 伶[TADA REI],経営学部,,以下の項目に基づき、総合的に評価する。・ディスカッションの内容（30%）・プレゼンテーションの内容（30%）・プロジェクトの貢献度（40%）
基礎ゼミナール[Pre-Seminar],3006124,秋学期,鶴見 裕之[TSURUMI HIROYUKI],経営学部,,ゼミナールへの貢献（100）
基礎ゼミナール[Pre-Seminar],3006125,秋学期,原 俊雄[HARA TOSHIO],経営学部,,報告者担当の場合において，レジュメの作成、報告および質問に対する応答（50％）報告者担当以外の場合において，質問や意見の表明（50％）
基礎ゼミナール[Pre-Seminar],3006126,秋学期,二神 枝保[FUTAGAMI SHIHO],経営学部,,出席、発表、レポートの総合評価
基礎ゼミナール[Pre-Seminar],3006127,秋学期,前山 政之[MAEYAMA NOBUYUKI],経営学部,,報告者担当の場合において、レジュメの作成、報告および質問に対する応答（80％）報告者担当以外の場合において、質問や意見の表明（20％）
基礎ゼミナール[Pre-Seminar],3006128,秋学期,真鍋 誠司[MANABE SEIJI],経営学部,,発表の内容（70）、ディスカッション参加（30）。
基礎ゼミナール[Pre-Seminar],3006129,秋学期,本橋 永至[MOTOHASHI EIJI],経営学部,,ゼミナールへの貢献度（100%）
基礎ゼミナール[Pre-Seminar],3006130,秋学期,谷地 弘安[YACHI HIROYASU],経営学部,,複数回の課題提出（50％），プレゼンテーション内容（50％）で評価する。
基礎ゼミナール[Pre-Seminar],3006131,秋学期,山岡 徹[YAMAOKA TORU],経営学部,,・輪読、プレゼンテーション等で提出された課題のクオリティ（60％）・ゼミナール活動全般において主体的に発言、質問し、議論や学びを深めることに貢献した度合い(40%)
基礎ゼミナール[Pre-Seminar],3006132,秋学期,楊 芸[YANG YUNYUE],経営学部,,授業への参加態度および発言などの貢献：50%プレゼンテーション：50%
基礎ゼミナール[Pre-Seminar],3006133,秋学期,横田 一貴[YOKOTA KAZUKI],経営学部,,・提出課題（レジュメ、レポート）の内容（50%）・ディスカッションでの発言など周囲の学習への貢献（50%）
基礎ゼミナール[Pre-Seminar],3006134,秋学期,吉川 りさ[YOSHIKAWA LISA],経営学部,,レポートの内容・質（50%）と毎時のディスカッションへの貢献（50%）で総合的に評価する。